{
    "data": [
        0.0,
        0.8417720922382719,
        0.9096228049035734,
        0.14117050568101963,
        -0.7570733054235208,
        -0.9592674109441048,
        -0.2795154827309996,
        0.6572216912532945,
        0.9897122732324269,
        0.41226595549366285,
        -0.5442157804641109
    ],
    "n": 11,
    "problem": "Single-Variable Integration",
    "x0": 0.0,
    "xend": 10.0
}
