{
    "data": 2.00000000000002,
    "error": -2.9369099744750804e-14,
    "n": 1000000,
    "problem": "Single-Variable Integration",
    "x0": 0.0,
    "xend": 3.141592653589793
}
