{
    "data": 1.9999984312683807,
    "error": -1.5687316826292392e-06,
    "n": 1024,
    "problem": "Single-Variable Integration",
    "x0": 0.0,
    "xend": 3.141592653589793
}
