{
    "data": [
        0.0,
        0.0,
        0.020000000000000004,
        0.06000000000000001,
        0.12000000000000002,
        0.20000000000000004,
        0.30000000000000004,
        0.42000000000000004,
        0.56,
        0.7200000000000001,
        0.9000000000000001,
        1.1,
        1.32,
        1.56,
        1.82,
        2.1,
        2.4000000000000004,
        2.7200000000000006,
        3.0600000000000005,
        3.4200000000000004,
        3.8000000000000003,
        4.2,
        4.62,
        5.0600000000000005,
        5.5200000000000005,
        6.000000000000001,
        6.500000000000001,
        7.020000000000001,
        7.560000000000001,
        8.120000000000001,
        8.700000000000001,
        9.3,
        9.920000000000002,
        10.560000000000002,
        11.220000000000002,
        11.900000000000002,
        12.600000000000001,
        13.320000000000002,
        14.060000000000002,
        14.820000000000002,
        15.600000000000001,
        16.400000000000002,
        17.220000000000002,
        18.060000000000002,
        18.92,
        19.8,
        20.7,
        21.62,
        22.560000000000002,
        23.520000000000003,
        24.500000000000004,
        25.500000000000004,
        26.520000000000003,
        27.560000000000002,
        28.62,
        29.700000000000003,
        30.800000000000004,
        31.920000000000005,
        33.06,
        34.22,
        35.4,
        36.6,
        37.82,
        39.06,
        40.32,
        41.6,
        42.9,
        44.22,
        45.56,
        46.92,
        48.300000000000004,
        49.7,
        51.120000000000005,
        52.56,
        54.02,
        55.5,
        57.0,
        58.52,
        60.06,
        61.620000000000005,
        63.2,
        64.8,
        66.42,
        68.06,
        69.72,
        71.4,
        73.10000000000001,
        74.82000000000001,
        76.56,
        78.32000000000001,
        80.10000000000001,
        81.9,
        83.72,
        85.56,
        87.42,
        89.3,
        91.2,
        93.12,
        95.06,
        97.02,
        99.0
    ],
    "n": 101,
    "problem": "Single-Variable Integration",
    "x0": 0.0,
    "xend": 10.0
}
